scope,return_model,block,regression,variable,beta,se,t,sig,n,clusters,r2,adj_r2
"first_mover (n=179, announcements=179)",VWRETD,"STRATEGY 2 SPATIAL REGRESSION (alpha_only, vwretd)","DAILY CARs [-1, +20]",intercept,-0.042521,0.017328,-2.45,**,62022,"178,",0.001,0.001
"first_mover (n=179, announcements=179)",VWRETD,"STRATEGY 2 SPATIAL REGRESSION (alpha_only, vwretd)","DAILY CARs [-1, +20]",w_ij,-2.08135,0.652318,-3.19,***,62022,"178,",0.001,0.001
"first_mover (n=179, announcements=179)",VWRETD,"STRATEGY 2 SPATIAL REGRESSION (alpha_only, vwretd)","DAILY CARs [-1, +20]",w_x_cond,0.867034,0.918377,0.94,,62022,"178,",0.001,0.001
"first_mover (n=179, announcements=179)",VWRETD,"STRATEGY 2 SPATIAL REGRESSION (alpha_only, vwretd)","DAILY CARs [-1, +20]",same_sector,0.099383,0.016458,6.04,***,62022,"178,",0.001,0.001
"first_mover (n=179, announcements=179)",VWRETD,"STRATEGY 2 SPATIAL REGRESSION (alpha_only, vwretd)","DAILY CARs [-1, +20] (two-way)",intercept,-0.042521,0.065452,-0.65,,62022,,0.001,0.001
"first_mover (n=179, announcements=179)",VWRETD,"STRATEGY 2 SPATIAL REGRESSION (alpha_only, vwretd)","DAILY CARs [-1, +20] (two-way)",w_ij,-2.08135,1.831896,-1.14,,62022,,0.001,0.001
"first_mover (n=179, announcements=179)",VWRETD,"STRATEGY 2 SPATIAL REGRESSION (alpha_only, vwretd)","DAILY CARs [-1, +20] (two-way)",w_x_cond,0.867034,2.169587,0.4,,62022,,0.001,0.001
"first_mover (n=179, announcements=179)",VWRETD,"STRATEGY 2 SPATIAL REGRESSION (alpha_only, vwretd)","DAILY CARs [-1, +20] (two-way)",same_sector,0.099383,0.067109,1.48,,62022,,0.001,0.001
"first_mover (n=179, announcements=179)",VWRETD,CHANNEL DECOMPOSITION (geo/reg/fuel),DAILY (channels),intercept,-0.010873,0.017916,-0.61,,62022,"178,",0.0021,0.002
"first_mover (n=179, announcements=179)",VWRETD,CHANNEL DECOMPOSITION (geo/reg/fuel),DAILY (channels),w_geo,-1.580644,0.551828,-2.86,***,62022,"178,",0.0021,0.002
"first_mover (n=179, announcements=179)",VWRETD,CHANNEL DECOMPOSITION (geo/reg/fuel),DAILY (channels),w_reg,0.805727,1.18475,0.68,,62022,"178,",0.0021,0.002
"first_mover (n=179, announcements=179)",VWRETD,CHANNEL DECOMPOSITION (geo/reg/fuel),DAILY (channels),w_fuel,-17.384655,1.935934,-8.98,***,62022,"178,",0.0021,0.002
"first_mover (n=179, announcements=179)",VWRETD,CHANNEL DECOMPOSITION (geo/reg/fuel),DAILY (channels),same_sector,0.093178,0.016345,5.7,***,62022,"178,",0.0021,0.002
"first_mover (n=179, announcements=179)",VWRETD,CHANNEL DECOMPOSITION (geo/reg/fuel),"DAILY (channels, two-way)",intercept,-0.010873,0.067861,-0.16,,62022,,0.0021,0.002
"first_mover (n=179, announcements=179)",VWRETD,CHANNEL DECOMPOSITION (geo/reg/fuel),"DAILY (channels, two-way)",w_geo,-1.580644,1.484516,-1.06,,62022,,0.0021,0.002
"first_mover (n=179, announcements=179)",VWRETD,CHANNEL DECOMPOSITION (geo/reg/fuel),"DAILY (channels, two-way)",w_reg,0.805727,2.481159,0.32,,62022,,0.0021,0.002
"first_mover (n=179, announcements=179)",VWRETD,CHANNEL DECOMPOSITION (geo/reg/fuel),"DAILY (channels, two-way)",w_fuel,-17.384655,11.247435,-1.55,,62022,,0.0021,0.002
"first_mover (n=179, announcements=179)",VWRETD,CHANNEL DECOMPOSITION (geo/reg/fuel),"DAILY (channels, two-way)",same_sector,0.093178,0.065061,1.43,,62022,,0.0021,0.002
"first_mover (n=179, announcements=179)",VWRETD,CHANNEL DECOMPOSITION (geo/reg/fuel),DAILY (channels x CondScore),intercept,-0.011201,0.017892,-0.63,,62022,"178,",0.0021,0.002
"first_mover (n=179, announcements=179)",VWRETD,CHANNEL DECOMPOSITION (geo/reg/fuel),DAILY (channels x CondScore),w_geo,-1.736096,0.652068,-2.66,***,62022,"178,",0.0021,0.002
"first_mover (n=179, announcements=179)",VWRETD,CHANNEL DECOMPOSITION (geo/reg/fuel),DAILY (channels x CondScore),w_reg,1.408309,1.597772,0.88,,62022,"178,",0.0021,0.002
"first_mover (n=179, announcements=179)",VWRETD,CHANNEL DECOMPOSITION (geo/reg/fuel),DAILY (channels x CondScore),w_fuel,-17.901822,2.435561,-7.35,***,62022,"178,",0.0021,0.002
"first_mover (n=179, announcements=179)",VWRETD,CHANNEL DECOMPOSITION (geo/reg/fuel),DAILY (channels x CondScore),w_geo_x_condscore,1.15993,0.91093,1.27,,62022,"178,",0.0021,0.002
"first_mover (n=179, announcements=179)",VWRETD,CHANNEL DECOMPOSITION (geo/reg/fuel),DAILY (channels x CondScore),w_reg_x_condscore,-4.353611,3.280912,-1.33,,62022,"178,",0.0021,0.002
"first_mover (n=179, announcements=179)",VWRETD,CHANNEL DECOMPOSITION (geo/reg/fuel),DAILY (channels x CondScore),w_fuel_x_condscore,3.596637,5.195445,0.69,,62022,"178,",0.0021,0.002
"first_mover (n=179, announcements=179)",VWRETD,CHANNEL DECOMPOSITION (geo/reg/fuel),DAILY (channels x CondScore),same_sector,0.093407,0.016295,5.73,***,62022,"178,",0.0021,0.002
"first_mover (n=179, announcements=179)",VWRETD,CHANNEL DECOMPOSITION (geo/reg/fuel),"DAILY (channels x CondScore, two-way)",intercept,-0.011201,0.067576,-0.17,,62022,,0.0021,0.002
"first_mover (n=179, announcements=179)",VWRETD,CHANNEL DECOMPOSITION (geo/reg/fuel),"DAILY (channels x CondScore, two-way)",w_geo,-1.736096,1.794572,-0.97,,62022,,0.0021,0.002
"first_mover (n=179, announcements=179)",VWRETD,CHANNEL DECOMPOSITION (geo/reg/fuel),"DAILY (channels x CondScore, two-way)",w_reg,1.408309,2.872234,0.49,,62022,,0.0021,0.002
"first_mover (n=179, announcements=179)",VWRETD,CHANNEL DECOMPOSITION (geo/reg/fuel),"DAILY (channels x CondScore, two-way)",w_fuel,-17.901822,13.564883,-1.32,,62022,,0.0021,0.002
"first_mover (n=179, announcements=179)",VWRETD,CHANNEL DECOMPOSITION (geo/reg/fuel),"DAILY (channels x CondScore, two-way)",w_geo_x_condscore,1.15993,2.560261,0.45,,62022,,0.0021,0.002
"first_mover (n=179, announcements=179)",VWRETD,CHANNEL DECOMPOSITION (geo/reg/fuel),"DAILY (channels x CondScore, two-way)",w_reg_x_condscore,-4.353611,5.900578,-0.74,,62022,,0.0021,0.002
"first_mover (n=179, announcements=179)",VWRETD,CHANNEL DECOMPOSITION (geo/reg/fuel),"DAILY (channels x CondScore, two-way)",w_fuel_x_condscore,3.596637,24.190177,0.15,,62022,,0.0021,0.002
"first_mover (n=179, announcements=179)",VWRETD,CHANNEL DECOMPOSITION (geo/reg/fuel),"DAILY (channels x CondScore, two-way)",same_sector,0.093407,0.064649,1.44,,62022,,0.0021,0.002
"first_mover (n=179, announcements=179)",VWRETD,CHANNEL DECOMPOSITION (geo/reg/fuel),"MONTHLY CARs [-1, +12]",intercept,0.013234,0.010973,1.21,,72398,"175,",0.0003,0.0002
"first_mover (n=179, announcements=179)",VWRETD,CHANNEL DECOMPOSITION (geo/reg/fuel),"MONTHLY CARs [-1, +12]",w_ij,-0.140473,0.283476,-0.5,,72398,"175,",0.0003,0.0002
"first_mover (n=179, announcements=179)",VWRETD,CHANNEL DECOMPOSITION (geo/reg/fuel),"MONTHLY CARs [-1, +12]",w_x_cond,0.833214,0.83004,1.0,,72398,"175,",0.0003,0.0002
"first_mover (n=179, announcements=179)",VWRETD,CHANNEL DECOMPOSITION (geo/reg/fuel),"MONTHLY CARs [-1, +12]",same_sector,0.033911,0.01288,2.63,***,72398,"175,",0.0003,0.0002
"first_mover (n=179, announcements=179)",VWRETD,CHANNEL DECOMPOSITION (geo/reg/fuel),"MONTHLY CARs [-1, +12] (two-way)",intercept,0.013234,0.026478,0.5,,72398,,0.0003,0.0002
"first_mover (n=179, announcements=179)",VWRETD,CHANNEL DECOMPOSITION (geo/reg/fuel),"MONTHLY CARs [-1, +12] (two-way)",w_ij,-0.140473,0.600173,-0.23,,72398,,0.0003,0.0002
"first_mover (n=179, announcements=179)",VWRETD,CHANNEL DECOMPOSITION (geo/reg/fuel),"MONTHLY CARs [-1, +12] (two-way)",w_x_cond,0.833214,1.645424,0.51,,72398,,0.0003,0.0002
"first_mover (n=179, announcements=179)",VWRETD,CHANNEL DECOMPOSITION (geo/reg/fuel),"MONTHLY CARs [-1, +12] (two-way)",same_sector,0.033911,0.026006,1.3,,72398,,0.0003,0.0002
"first_mover (n=179, announcements=179)",VWRETD,CHANNEL DECOMPOSITION (geo/reg/fuel),MONTHLY (country-year + tech-year FE),intercept,-0.0,0.021976,-0.0,,72398,,0.0001,0.0001
"first_mover (n=179, announcements=179)",VWRETD,CHANNEL DECOMPOSITION (geo/reg/fuel),MONTHLY (country-year + tech-year FE),w_ij_resid,-0.478443,0.429126,-1.11,,72398,,0.0001,0.0001
"first_mover (n=179, announcements=179)",VWRETD,CHANNEL DECOMPOSITION (geo/reg/fuel),MONTHLY (country-year + tech-year FE),same_sector_resid,0.024644,0.003855,6.39,***,72398,,0.0001,0.0001
"first_mover (n=179, announcements=179)",VWRETD,CHANNEL DECOMPOSITION (geo/reg/fuel): monthly,"MONTHLY (channels, +12)",intercept,0.007589,0.011563,0.66,,72398,"175,",0.0005,0.0005
"first_mover (n=179, announcements=179)",VWRETD,CHANNEL DECOMPOSITION (geo/reg/fuel): monthly,"MONTHLY (channels, +12)",w_geo,-0.307628,0.282768,-1.09,,72398,"175,",0.0005,0.0005
"first_mover (n=179, announcements=179)",VWRETD,CHANNEL DECOMPOSITION (geo/reg/fuel): monthly,"MONTHLY (channels, +12)",w_reg,3.137727,2.017866,1.55,,72398,"175,",0.0005,0.0005
"first_mover (n=179, announcements=179)",VWRETD,CHANNEL DECOMPOSITION (geo/reg/fuel): monthly,"MONTHLY (channels, +12)",w_fuel,1.364112,1.117665,1.22,,72398,"175,",0.0005,0.0005
"first_mover (n=179, announcements=179)",VWRETD,CHANNEL DECOMPOSITION (geo/reg/fuel): monthly,"MONTHLY (channels, +12)",same_sector,0.03575,0.013108,2.73,***,72398,"175,",0.0005,0.0005
"first_mover (n=179, announcements=179)",VWRETD,CHANNEL DECOMPOSITION (geo/reg/fuel): monthly,"MONTHLY (channels, +12, two-way)",intercept,0.007589,0.029347,0.26,,72398,,0.0005,0.0005
"first_mover (n=179, announcements=179)",VWRETD,CHANNEL DECOMPOSITION (geo/reg/fuel): monthly,"MONTHLY (channels, +12, two-way)",w_geo,-0.307628,0.527747,-0.58,,72398,,0.0005,0.0005
"first_mover (n=179, announcements=179)",VWRETD,CHANNEL DECOMPOSITION (geo/reg/fuel): monthly,"MONTHLY (channels, +12, two-way)",w_reg,3.137727,2.350458,1.33,,72398,,0.0005,0.0005
"first_mover (n=179, announcements=179)",VWRETD,CHANNEL DECOMPOSITION (geo/reg/fuel): monthly,"MONTHLY (channels, +12, two-way)",w_fuel,1.364112,4.734074,0.29,,72398,,0.0005,0.0005
"first_mover (n=179, announcements=179)",VWRETD,CHANNEL DECOMPOSITION (geo/reg/fuel): monthly,"MONTHLY (channels, +12, two-way)",same_sector,0.03575,0.025554,1.4,,72398,,0.0005,0.0005
"first_mover (n=179, announcements=179)",VWRETD,CHANNEL DECOMPOSITION (geo/reg/fuel): monthly,"MONTHLY (channels x CondScore, +12)",intercept,0.008511,0.011524,0.74,,72398,"175,",0.0007,0.0006
"first_mover (n=179, announcements=179)",VWRETD,CHANNEL DECOMPOSITION (geo/reg/fuel): monthly,"MONTHLY (channels x CondScore, +12)",w_geo,-0.324032,0.282242,-1.15,,72398,"175,",0.0007,0.0006
"first_mover (n=179, announcements=179)",VWRETD,CHANNEL DECOMPOSITION (geo/reg/fuel): monthly,"MONTHLY (channels x CondScore, +12)",w_reg,1.589981,1.779426,0.89,,72398,"175,",0.0007,0.0006
"first_mover (n=179, announcements=179)",VWRETD,CHANNEL DECOMPOSITION (geo/reg/fuel): monthly,"MONTHLY (channels x CondScore, +12)",w_fuel,2.362194,1.22327,1.93,*,72398,"175,",0.0007,0.0006
"first_mover (n=179, announcements=179)",VWRETD,CHANNEL DECOMPOSITION (geo/reg/fuel): monthly,"MONTHLY (channels x CondScore, +12)",w_geo_x_condscore,-0.0553,1.04458,-0.05,,72398,"175,",0.0007,0.0006
"first_mover (n=179, announcements=179)",VWRETD,CHANNEL DECOMPOSITION (geo/reg/fuel): monthly,"MONTHLY (channels x CondScore, +12)",w_reg_x_condscore,10.884461,3.807548,2.86,***,72398,"175,",0.0007,0.0006
"first_mover (n=179, announcements=179)",VWRETD,CHANNEL DECOMPOSITION (geo/reg/fuel): monthly,"MONTHLY (channels x CondScore, +12)",w_fuel_x_condscore,-6.994103,2.998299,-2.33,**,72398,"175,",0.0007,0.0006
"first_mover (n=179, announcements=179)",VWRETD,CHANNEL DECOMPOSITION (geo/reg/fuel): monthly,"MONTHLY (channels x CondScore, +12)",same_sector,0.034741,0.01301,2.67,***,72398,"175,",0.0007,0.0006
"first_mover (n=179, announcements=179)",VWRETD,CHANNEL DECOMPOSITION (geo/reg/fuel): monthly,"MONTHLY (channels x CondScore, +12, two-way)",intercept,0.008511,0.029378,0.29,,72398,,0.0007,0.0006
"first_mover (n=179, announcements=179)",VWRETD,CHANNEL DECOMPOSITION (geo/reg/fuel): monthly,"MONTHLY (channels x CondScore, +12, two-way)",w_geo,-0.324032,0.558447,-0.58,,72398,,0.0007,0.0006
"first_mover (n=179, announcements=179)",VWRETD,CHANNEL DECOMPOSITION (geo/reg/fuel): monthly,"MONTHLY (channels x CondScore, +12, two-way)",w_reg,1.589981,2.160282,0.74,,72398,,0.0007,0.0006
"first_mover (n=179, announcements=179)",VWRETD,CHANNEL DECOMPOSITION (geo/reg/fuel): monthly,"MONTHLY (channels x CondScore, +12, two-way)",w_fuel,2.362194,5.280215,0.45,,72398,,0.0007,0.0006
"first_mover (n=179, announcements=179)",VWRETD,CHANNEL DECOMPOSITION (geo/reg/fuel): monthly,"MONTHLY (channels x CondScore, +12, two-way)",w_geo_x_condscore,-0.0553,1.806593,-0.03,,72398,,0.0007,0.0006
"first_mover (n=179, announcements=179)",VWRETD,CHANNEL DECOMPOSITION (geo/reg/fuel): monthly,"MONTHLY (channels x CondScore, +12, two-way)",w_reg_x_condscore,10.884461,7.995051,1.36,,72398,,0.0007,0.0006
"first_mover (n=179, announcements=179)",VWRETD,CHANNEL DECOMPOSITION (geo/reg/fuel): monthly,"MONTHLY (channels x CondScore, +12, two-way)",w_fuel_x_condscore,-6.994103,9.983588,-0.7,,72398,,0.0007,0.0006
"first_mover (n=179, announcements=179)",VWRETD,CHANNEL DECOMPOSITION (geo/reg/fuel): monthly,"MONTHLY (channels x CondScore, +12, two-way)",same_sector,0.034741,0.025512,1.36,,72398,,0.0007,0.0006
"first_mover (n=179, announcements=179)",VWRETD,CHANNEL DECOMPOSITION (geo/reg/fuel): monthly,"MONTHLY CARs [-1, +6]",intercept,-0.003919,0.007789,-0.5,,72398,"175,",0.0004,0.0004
"first_mover (n=179, announcements=179)",VWRETD,CHANNEL DECOMPOSITION (geo/reg/fuel): monthly,"MONTHLY CARs [-1, +6]",w_ij,0.217735,0.187083,1.16,,72398,"175,",0.0004,0.0004
"first_mover (n=179, announcements=179)",VWRETD,CHANNEL DECOMPOSITION (geo/reg/fuel): monthly,"MONTHLY CARs [-1, +6]",w_x_cond,-0.753946,0.374698,-2.01,**,72398,"175,",0.0004,0.0004
"first_mover (n=179, announcements=179)",VWRETD,CHANNEL DECOMPOSITION (geo/reg/fuel): monthly,"MONTHLY CARs [-1, +6]",same_sector,0.0254,0.008171,3.11,***,72398,"175,",0.0004,0.0004
"first_mover (n=179, announcements=179)",VWRETD,CHANNEL DECOMPOSITION (geo/reg/fuel): monthly,"MONTHLY (channels, +6)",intercept,-0.006824,0.007801,-0.87,,72398,"175,",0.0006,0.0005
"first_mover (n=179, announcements=179)",VWRETD,CHANNEL DECOMPOSITION (geo/reg/fuel): monthly,"MONTHLY (channels, +6)",w_geo,0.027267,0.169355,0.16,,72398,"175,",0.0006,0.0005
"first_mover (n=179, announcements=179)",VWRETD,CHANNEL DECOMPOSITION (geo/reg/fuel): monthly,"MONTHLY (channels, +6)",w_reg,1.314249,1.044551,1.26,,72398,"175,",0.0006,0.0005
"first_mover (n=179, announcements=179)",VWRETD,CHANNEL DECOMPOSITION (geo/reg/fuel): monthly,"MONTHLY (channels, +6)",w_fuel,0.917061,0.703848,1.3,,72398,"175,",0.0006,0.0005
"first_mover (n=179, announcements=179)",VWRETD,CHANNEL DECOMPOSITION (geo/reg/fuel): monthly,"MONTHLY (channels, +6)",same_sector,0.026178,0.008214,3.19,***,72398,"175,",0.0006,0.0005
"first_mover (n=179, announcements=179)",VWRETD,CHANNEL DECOMPOSITION (geo/reg/fuel): monthly,"MONTHLY (channels x CondScore, +6)",intercept,-0.006495,0.007778,-0.84,,72398,"175,",0.0007,0.0006
"first_mover (n=179, announcements=179)",VWRETD,CHANNEL DECOMPOSITION (geo/reg/fuel): monthly,"MONTHLY (channels x CondScore, +6)",w_geo,0.118384,0.203926,0.58,,72398,"175,",0.0007,0.0006
"first_mover (n=179, announcements=179)",VWRETD,CHANNEL DECOMPOSITION (geo/reg/fuel): monthly,"MONTHLY (channels x CondScore, +6)",w_reg,0.72709,0.956304,0.76,,72398,"175,",0.0007,0.0006
"first_mover (n=179, announcements=179)",VWRETD,CHANNEL DECOMPOSITION (geo/reg/fuel): monthly,"MONTHLY (channels x CondScore, +6)",w_fuel,1.660005,0.748127,2.22,**,72398,"175,",0.0007,0.0006
"first_mover (n=179, announcements=179)",VWRETD,CHANNEL DECOMPOSITION (geo/reg/fuel): monthly,"MONTHLY (channels x CondScore, +6)",w_geo_x_condscore,-0.681795,0.470587,-1.45,,72398,"175,",0.0007,0.0006
"first_mover (n=179, announcements=179)",VWRETD,CHANNEL DECOMPOSITION (geo/reg/fuel): monthly,"MONTHLY (channels x CondScore, +6)",w_reg_x_condscore,4.182027,2.126793,1.97,**,72398,"175,",0.0007,0.0006
"first_mover (n=179, announcements=179)",VWRETD,CHANNEL DECOMPOSITION (geo/reg/fuel): monthly,"MONTHLY (channels x CondScore, +6)",w_fuel_x_condscore,-5.046505,1.865049,-2.71,***,72398,"175,",0.0007,0.0006
"first_mover (n=179, announcements=179)",VWRETD,CHANNEL DECOMPOSITION (geo/reg/fuel): monthly,"MONTHLY (channels x CondScore, +6)",same_sector,0.025982,0.008169,3.18,***,72398,"175,",0.0007,0.0006
"first_mover (n=179, announcements=179)",VWRETD,CHANNEL DECOMPOSITION (geo/reg/fuel): monthly,"MONTHLY CARs [-1, +3]",intercept,0.004162,0.005503,0.76,,72398,"175,",0.0009,0.0008
"first_mover (n=179, announcements=179)",VWRETD,CHANNEL DECOMPOSITION (geo/reg/fuel): monthly,"MONTHLY CARs [-1, +3]",w_ij,0.442227,0.14039,3.15,***,72398,"175,",0.0009,0.0008
"first_mover (n=179, announcements=179)",VWRETD,CHANNEL DECOMPOSITION (geo/reg/fuel): monthly,"MONTHLY CARs [-1, +3]",w_x_cond,-0.386191,0.23313,-1.66,*,72398,"175,",0.0009,0.0008
"first_mover (n=179, announcements=179)",VWRETD,CHANNEL DECOMPOSITION (geo/reg/fuel): monthly,"MONTHLY CARs [-1, +3]",same_sector,0.021492,0.004932,4.36,***,72398,"175,",0.0009,0.0008
"first_mover (n=179, announcements=179)",VWRETD,CHANNEL DECOMPOSITION (geo/reg/fuel): monthly,"MONTHLY (channels, +3)",intercept,0.005606,0.005628,1.0,,72398,"175,",0.0012,0.0011
"first_mover (n=179, announcements=179)",VWRETD,CHANNEL DECOMPOSITION (geo/reg/fuel): monthly,"MONTHLY (channels, +3)",w_geo,0.354224,0.119191,2.97,***,72398,"175,",0.0012,0.0011
"first_mover (n=179, announcements=179)",VWRETD,CHANNEL DECOMPOSITION (geo/reg/fuel): monthly,"MONTHLY (channels, +3)",w_reg,1.126878,0.690894,1.63,,72398,"175,",0.0012,0.0011
"first_mover (n=179, announcements=179)",VWRETD,CHANNEL DECOMPOSITION (geo/reg/fuel): monthly,"MONTHLY (channels, +3)",w_fuel,-1.496868,0.473663,-3.16,***,72398,"175,",0.0012,0.0011
"first_mover (n=179, announcements=179)",VWRETD,CHANNEL DECOMPOSITION (geo/reg/fuel): monthly,"MONTHLY (channels, +3)",same_sector,0.021264,0.004969,4.28,***,72398,"175,",0.0012,0.0011
"first_mover (n=179, announcements=179)",VWRETD,CHANNEL DECOMPOSITION (geo/reg/fuel): monthly,"MONTHLY (channels x CondScore, +3)",intercept,0.005896,0.005598,1.05,,72398,"175,",0.0013,0.0012
"first_mover (n=179, announcements=179)",VWRETD,CHANNEL DECOMPOSITION (geo/reg/fuel): monthly,"MONTHLY (channels x CondScore, +3)",w_geo,0.370495,0.142304,2.6,***,72398,"175,",0.0013,0.0012
"first_mover (n=179, announcements=179)",VWRETD,CHANNEL DECOMPOSITION (geo/reg/fuel): monthly,"MONTHLY (channels x CondScore, +3)",w_reg,0.632209,0.612402,1.03,,72398,"175,",0.0013,0.0012
"first_mover (n=179, announcements=179)",VWRETD,CHANNEL DECOMPOSITION (geo/reg/fuel): monthly,"MONTHLY (channels x CondScore, +3)",w_fuel,-0.914344,0.478972,-1.91,*,72398,"175,",0.0013,0.0012
"first_mover (n=179, announcements=179)",VWRETD,CHANNEL DECOMPOSITION (geo/reg/fuel): monthly,"MONTHLY (channels x CondScore, +3)",w_geo_x_condscore,-0.178099,0.29119,-0.61,,72398,"175,",0.0013,0.0012
"first_mover (n=179, announcements=179)",VWRETD,CHANNEL DECOMPOSITION (geo/reg/fuel): monthly,"MONTHLY (channels x CondScore, +3)",w_reg_x_condscore,3.508291,1.576996,2.22,**,72398,"175,",0.0013,0.0012
"first_mover (n=179, announcements=179)",VWRETD,CHANNEL DECOMPOSITION (geo/reg/fuel): monthly,"MONTHLY (channels x CondScore, +3)",w_fuel_x_condscore,-3.921012,1.300224,-3.02,***,72398,"175,",0.0013,0.0012
"first_mover (n=179, announcements=179)",VWRETD,CHANNEL DECOMPOSITION (geo/reg/fuel): monthly,"MONTHLY (channels x CondScore, +3)",same_sector,0.021032,0.004944,4.25,***,72398,"175,",0.0013,0.0012
"first_mover (n=179, announcements=179)",VWRETD,"CONTINUOUS CONDSCORE (alpha-only) (alpha_only, vwretd)",DAILY (condscore),intercept,-0.042477,0.01732,-2.45,**,62022,"178,",0.001,0.001
"first_mover (n=179, announcements=179)",VWRETD,"CONTINUOUS CONDSCORE (alpha-only) (alpha_only, vwretd)",DAILY (condscore),w_ij,-2.179956,0.691343,-3.15,***,62022,"178,",0.001,0.001
"first_mover (n=179, announcements=179)",VWRETD,"CONTINUOUS CONDSCORE (alpha-only) (alpha_only, vwretd)",DAILY (condscore),w_x_condscore,1.292603,0.977972,1.32,,62022,"178,",0.001,0.001
"first_mover (n=179, announcements=179)",VWRETD,"CONTINUOUS CONDSCORE (alpha-only) (alpha_only, vwretd)",DAILY (condscore),same_sector,0.099297,0.016453,6.04,***,62022,"178,",0.001,0.001
"first_mover (n=179, announcements=179)",VWRETD,"CONTINUOUS CONDSCORE (alpha-only) (alpha_only, vwretd)","DAILY (condscore, two-way)",intercept,-0.042477,0.06539,-0.65,,62022,,0.001,0.001
"first_mover (n=179, announcements=179)",VWRETD,"CONTINUOUS CONDSCORE (alpha-only) (alpha_only, vwretd)","DAILY (condscore, two-way)",w_ij,-2.179956,1.988973,-1.1,,62022,,0.001,0.001
"first_mover (n=179, announcements=179)",VWRETD,"CONTINUOUS CONDSCORE (alpha-only) (alpha_only, vwretd)","DAILY (condscore, two-way)",w_x_condscore,1.292603,2.779153,0.47,,62022,,0.001,0.001
"first_mover (n=179, announcements=179)",VWRETD,"CONTINUOUS CONDSCORE (alpha-only) (alpha_only, vwretd)","DAILY (condscore, two-way)",same_sector,0.099297,0.067015,1.48,,62022,,0.001,0.001
"first_mover (n=179, announcements=179)",VWRETD,"CONTINUOUS CONDSCORE (alpha-only) (alpha_only, vwretd)","MONTHLY (condscore, +12)",intercept,0.013234,0.010975,1.21,,72398,"175,",0.0003,0.0002
"first_mover (n=179, announcements=179)",VWRETD,"CONTINUOUS CONDSCORE (alpha-only) (alpha_only, vwretd)","MONTHLY (condscore, +12)",w_ij,-0.152872,0.300381,-0.51,,72398,"175,",0.0003,0.0002
"first_mover (n=179, announcements=179)",VWRETD,"CONTINUOUS CONDSCORE (alpha-only) (alpha_only, vwretd)","MONTHLY (condscore, +12)",w_x_condscore,0.63509,0.927596,0.68,,72398,"175,",0.0003,0.0002
"first_mover (n=179, announcements=179)",VWRETD,"CONTINUOUS CONDSCORE (alpha-only) (alpha_only, vwretd)","MONTHLY (condscore, +12)",same_sector,0.03392,0.012877,2.63,***,72398,"175,",0.0003,0.0002
"first_mover (n=179, announcements=179)",VWRETD,"CONTINUOUS CONDSCORE (alpha-only) (alpha_only, vwretd)","MONTHLY (condscore, +12, two-way)",intercept,0.013234,0.026474,0.5,,72398,,0.0003,0.0002
"first_mover (n=179, announcements=179)",VWRETD,"CONTINUOUS CONDSCORE (alpha-only) (alpha_only, vwretd)","MONTHLY (condscore, +12, two-way)",w_ij,-0.152872,0.62332,-0.25,,72398,,0.0003,0.0002
"first_mover (n=179, announcements=179)",VWRETD,"CONTINUOUS CONDSCORE (alpha-only) (alpha_only, vwretd)","MONTHLY (condscore, +12, two-way)",w_x_condscore,0.63509,1.763969,0.36,,72398,,0.0003,0.0002
"first_mover (n=179, announcements=179)",VWRETD,"CONTINUOUS CONDSCORE (alpha-only) (alpha_only, vwretd)","MONTHLY (condscore, +12, two-way)",same_sector,0.03392,0.026009,1.3,,72398,,0.0003,0.0002
"first_mover (n=179, announcements=179)",VWRETD,"CONTINUOUS CONDSCORE (alpha-only) (alpha_only, vwretd)","MONTHLY (condscore, +6)",intercept,-0.003914,0.00779,-0.5,,72398,"175,",0.0004,0.0004
"first_mover (n=179, announcements=179)",VWRETD,"CONTINUOUS CONDSCORE (alpha-only) (alpha_only, vwretd)","MONTHLY (condscore, +6)",w_ij,0.214709,0.210081,1.02,,72398,"175,",0.0004,0.0004
"first_mover (n=179, announcements=179)",VWRETD,"CONTINUOUS CONDSCORE (alpha-only) (alpha_only, vwretd)","MONTHLY (condscore, +6)",w_x_condscore,-0.482197,0.425316,-1.13,,72398,"175,",0.0004,0.0004
"first_mover (n=179, announcements=179)",VWRETD,"CONTINUOUS CONDSCORE (alpha-only) (alpha_only, vwretd)","MONTHLY (condscore, +6)",same_sector,0.025379,0.008177,3.1,***,72398,"175,",0.0004,0.0004
"first_mover (n=179, announcements=179)",VWRETD,"CONTINUOUS CONDSCORE (alpha-only) (alpha_only, vwretd)","MONTHLY (condscore, +3)",intercept,0.004186,0.005507,0.76,,72398,"175,",0.0008,0.0008
"first_mover (n=179, announcements=179)",VWRETD,"CONTINUOUS CONDSCORE (alpha-only) (alpha_only, vwretd)","MONTHLY (condscore, +3)",w_ij,0.395107,0.147366,2.68,***,72398,"175,",0.0008,0.0008
"first_mover (n=179, announcements=179)",VWRETD,"CONTINUOUS CONDSCORE (alpha-only) (alpha_only, vwretd)","MONTHLY (condscore, +3)",w_x_condscore,0.048824,0.270295,0.18,,72398,"175,",0.0008,0.0008
"first_mover (n=179, announcements=179)",VWRETD,"CONTINUOUS CONDSCORE (alpha-only) (alpha_only, vwretd)","MONTHLY (condscore, +3)",same_sector,0.021438,0.004937,4.34,***,72398,"175,",0.0008,0.0008
"first_mover (n=179, announcements=179)",VWRETD,"RANK-BASED CONDSCORE (alpha_only, vwretd)",DAILY (condscore_rank),intercept,-0.042602,0.017356,-2.45,**,62022,"178,",0.001,0.001
"first_mover (n=179, announcements=179)",VWRETD,"RANK-BASED CONDSCORE (alpha_only, vwretd)",DAILY (condscore_rank),w_ij,-1.846409,0.537452,-3.44,***,62022,"178,",0.001,0.001
"first_mover (n=179, announcements=179)",VWRETD,"RANK-BASED CONDSCORE (alpha_only, vwretd)",DAILY (condscore_rank),w_x_condscore_rank,-0.407056,0.891769,-0.46,,62022,"178,",0.001,0.001
"first_mover (n=179, announcements=179)",VWRETD,"RANK-BASED CONDSCORE (alpha_only, vwretd)",DAILY (condscore_rank),same_sector,0.099533,0.016496,6.03,***,62022,"178,",0.001,0.001
"first_mover (n=179, announcements=179)",VWRETD,"RANK-BASED CONDSCORE (alpha_only, vwretd)","DAILY (condscore_rank, two-way)",intercept,-0.042602,0.065566,-0.65,,62022,,0.001,0.001
"first_mover (n=179, announcements=179)",VWRETD,"RANK-BASED CONDSCORE (alpha_only, vwretd)","DAILY (condscore_rank, two-way)",w_ij,-1.846409,1.569854,-1.18,,62022,,0.001,0.001
"first_mover (n=179, announcements=179)",VWRETD,"RANK-BASED CONDSCORE (alpha_only, vwretd)","DAILY (condscore_rank, two-way)",w_x_condscore_rank,-0.407056,1.903299,-0.21,,62022,,0.001,0.001
"first_mover (n=179, announcements=179)",VWRETD,"RANK-BASED CONDSCORE (alpha_only, vwretd)","DAILY (condscore_rank, two-way)",same_sector,0.099533,0.067326,1.48,,62022,,0.001,0.001
"first_mover (n=179, announcements=179)",VWRETD,"RANK-BASED CONDSCORE (alpha_only, vwretd)","MONTHLY (condscore_rank, +12)",intercept,0.013312,0.010976,1.21,,72398,"175,",0.0003,0.0002
"first_mover (n=179, announcements=179)",VWRETD,"RANK-BASED CONDSCORE (alpha_only, vwretd)","MONTHLY (condscore_rank, +12)",w_ij,-0.499338,0.268909,-1.86,*,72398,"175,",0.0003,0.0002
"first_mover (n=179, announcements=179)",VWRETD,"RANK-BASED CONDSCORE (alpha_only, vwretd)","MONTHLY (condscore_rank, +12)",w_x_condscore_rank,1.251941,0.725979,1.72,*,72398,"175,",0.0003,0.0002
"first_mover (n=179, announcements=179)",VWRETD,"RANK-BASED CONDSCORE (alpha_only, vwretd)","MONTHLY (condscore_rank, +12)",same_sector,0.033774,0.012861,2.63,***,72398,"175,",0.0003,0.0002
"first_mover (n=179, announcements=179)",VWRETD,"RANK-BASED CONDSCORE (alpha_only, vwretd)","MONTHLY (condscore_rank, +12, two-way)",intercept,0.013312,0.026484,0.5,,72398,,0.0003,0.0002
"first_mover (n=179, announcements=179)",VWRETD,"RANK-BASED CONDSCORE (alpha_only, vwretd)","MONTHLY (condscore_rank, +12, two-way)",w_ij,-0.499338,0.500013,-1.0,,72398,,0.0003,0.0002
"first_mover (n=179, announcements=179)",VWRETD,"RANK-BASED CONDSCORE (alpha_only, vwretd)","MONTHLY (condscore_rank, +12, two-way)",w_x_condscore_rank,1.251941,1.434388,0.87,,72398,,0.0003,0.0002
"first_mover (n=179, announcements=179)",VWRETD,"RANK-BASED CONDSCORE (alpha_only, vwretd)","MONTHLY (condscore_rank, +12, two-way)",same_sector,0.033774,0.026004,1.3,,72398,,0.0003,0.0002
"first_mover (n=179, announcements=179)",VWRETD,"RANK-BASED CONDSCORE (alpha_only, vwretd)","MONTHLY (condscore_rank, +6)",intercept,-0.00384,0.007792,-0.49,,72398,"175,",0.0004,0.0004
"first_mover (n=179, announcements=179)",VWRETD,"RANK-BASED CONDSCORE (alpha_only, vwretd)","MONTHLY (condscore_rank, +6)",w_ij,-0.004086,0.191779,-0.02,,72398,"175,",0.0004,0.0004
"first_mover (n=179, announcements=179)",VWRETD,"RANK-BASED CONDSCORE (alpha_only, vwretd)","MONTHLY (condscore_rank, +6)",w_x_condscore_rank,0.40721,0.350868,1.16,,72398,"175,",0.0004,0.0004
"first_mover (n=179, announcements=179)",VWRETD,"RANK-BASED CONDSCORE (alpha_only, vwretd)","MONTHLY (condscore_rank, +6)",same_sector,0.025232,0.008173,3.09,***,72398,"175,",0.0004,0.0004
"first_mover (n=179, announcements=179)",VWRETD,"RANK-BASED CONDSCORE (alpha_only, vwretd)","MONTHLY (condscore_rank, +3)",intercept,0.004263,0.005511,0.77,,72398,"175,",0.0009,0.0008
"first_mover (n=179, announcements=179)",VWRETD,"RANK-BASED CONDSCORE (alpha_only, vwretd)","MONTHLY (condscore_rank, +3)",w_ij,0.108816,0.124199,0.88,,72398,"175,",0.0009,0.0008
"first_mover (n=179, announcements=179)",VWRETD,"RANK-BASED CONDSCORE (alpha_only, vwretd)","MONTHLY (condscore_rank, +3)",w_x_condscore_rank,0.8279,0.256127,3.23,***,72398,"175,",0.0009,0.0008
"first_mover (n=179, announcements=179)",VWRETD,"RANK-BASED CONDSCORE (alpha_only, vwretd)","MONTHLY (condscore_rank, +3)",same_sector,0.021288,0.004937,4.31,***,72398,"175,",0.0009,0.0008
"first_mover (n=179, announcements=179)",VWRETD,"KERNEL CONDSCORE (sigma=0.431) (alpha_only, vwretd)",DAILY (condscore_kernel),intercept,-0.04247,0.017318,-2.45,**,62022,"178,",0.001,0.001
"first_mover (n=179, announcements=179)",VWRETD,"KERNEL CONDSCORE (sigma=0.431) (alpha_only, vwretd)",DAILY (condscore_kernel),w_ij,-3.435347,1.524038,-2.25,**,62022,"178,",0.001,0.001
"first_mover (n=179, announcements=179)",VWRETD,"KERNEL CONDSCORE (sigma=0.431) (alpha_only, vwretd)",DAILY (condscore_kernel),w_x_condscore_kernel,2.41706,1.779283,1.36,,62022,"178,",0.001,0.001
"first_mover (n=179, announcements=179)",VWRETD,"KERNEL CONDSCORE (sigma=0.431) (alpha_only, vwretd)",DAILY (condscore_kernel),same_sector,0.099273,0.01645,6.03,***,62022,"178,",0.001,0.001
"first_mover (n=179, announcements=179)",VWRETD,"KERNEL CONDSCORE (sigma=0.431) (alpha_only, vwretd)","DAILY (condscore_kernel, two-way)",intercept,-0.04247,0.065378,-0.65,,62022,,0.001,0.001
"first_mover (n=179, announcements=179)",VWRETD,"KERNEL CONDSCORE (sigma=0.431) (alpha_only, vwretd)","DAILY (condscore_kernel, two-way)",w_ij,-3.435347,4.468554,-0.77,,62022,,0.001,0.001
"first_mover (n=179, announcements=179)",VWRETD,"KERNEL CONDSCORE (sigma=0.431) (alpha_only, vwretd)","DAILY (condscore_kernel, two-way)",w_x_condscore_kernel,2.41706,5.155647,0.47,,62022,,0.001,0.001
"first_mover (n=179, announcements=179)",VWRETD,"KERNEL CONDSCORE (sigma=0.431) (alpha_only, vwretd)","DAILY (condscore_kernel, two-way)",same_sector,0.099273,0.066988,1.48,,62022,,0.001,0.001
"first_mover (n=179, announcements=179)",VWRETD,"KERNEL CONDSCORE (sigma=0.431) (alpha_only, vwretd)","MONTHLY (condscore_kernel, +12)",intercept,0.013236,0.010974,1.21,,72398,"175,",0.0003,0.0002
"first_mover (n=179, announcements=179)",VWRETD,"KERNEL CONDSCORE (sigma=0.431) (alpha_only, vwretd)","MONTHLY (condscore_kernel, +12)",w_ij,-0.709496,0.989453,-0.72,,72398,"175,",0.0003,0.0002
"first_mover (n=179, announcements=179)",VWRETD,"KERNEL CONDSCORE (sigma=0.431) (alpha_only, vwretd)","MONTHLY (condscore_kernel, +12)",w_x_condscore_kernel,1.082694,1.65442,0.65,,72398,"175,",0.0003,0.0002
"first_mover (n=179, announcements=179)",VWRETD,"KERNEL CONDSCORE (sigma=0.431) (alpha_only, vwretd)","MONTHLY (condscore_kernel, +12)",same_sector,0.033916,0.012871,2.64,***,72398,"175,",0.0003,0.0002
"first_mover (n=179, announcements=179)",VWRETD,"KERNEL CONDSCORE (sigma=0.431) (alpha_only, vwretd)","MONTHLY (condscore_kernel, +12, two-way)",intercept,0.013236,0.026472,0.5,,72398,,0.0003,0.0002
"first_mover (n=179, announcements=179)",VWRETD,"KERNEL CONDSCORE (sigma=0.431) (alpha_only, vwretd)","MONTHLY (condscore_kernel, +12, two-way)",w_ij,-0.709496,2.016499,-0.35,,72398,,0.0003,0.0002
"first_mover (n=179, announcements=179)",VWRETD,"KERNEL CONDSCORE (sigma=0.431) (alpha_only, vwretd)","MONTHLY (condscore_kernel, +12, two-way)",w_x_condscore_kernel,1.082694,3.314791,0.33,,72398,,0.0003,0.0002
"first_mover (n=179, announcements=179)",VWRETD,"KERNEL CONDSCORE (sigma=0.431) (alpha_only, vwretd)","MONTHLY (condscore_kernel, +12, two-way)",same_sector,0.033916,0.026006,1.3,,72398,,0.0003,0.0002
"first_mover (n=179, announcements=179)",VWRETD,"KERNEL CONDSCORE (sigma=0.431) (alpha_only, vwretd)","MONTHLY (condscore_kernel, +6)",intercept,-0.003908,0.00779,-0.5,,72398,"175,",0.0004,0.0004
"first_mover (n=179, announcements=179)",VWRETD,"KERNEL CONDSCORE (sigma=0.431) (alpha_only, vwretd)","MONTHLY (condscore_kernel, +6)",w_ij,0.535432,0.561035,0.95,,72398,"175,",0.0004,0.0004
"first_mover (n=179, announcements=179)",VWRETD,"KERNEL CONDSCORE (sigma=0.431) (alpha_only, vwretd)","MONTHLY (condscore_kernel, +6)",w_x_condscore_kernel,-0.65347,0.770988,-0.85,,72398,"175,",0.0004,0.0004
"first_mover (n=179, announcements=179)",VWRETD,"KERNEL CONDSCORE (sigma=0.431) (alpha_only, vwretd)","MONTHLY (condscore_kernel, +6)",same_sector,0.025367,0.008177,3.1,***,72398,"175,",0.0004,0.0004
"first_mover (n=179, announcements=179)",VWRETD,"KERNEL CONDSCORE (sigma=0.431) (alpha_only, vwretd)","MONTHLY (condscore_kernel, +3)",intercept,0.004198,0.005508,0.76,,72398,"175,",0.0008,0.0008
"first_mover (n=179, announcements=179)",VWRETD,"KERNEL CONDSCORE (sigma=0.431) (alpha_only, vwretd)","MONTHLY (condscore_kernel, +3)",w_ij,0.174408,0.367984,0.47,,72398,"175,",0.0008,0.0008
"first_mover (n=179, announcements=179)",VWRETD,"KERNEL CONDSCORE (sigma=0.431) (alpha_only, vwretd)","MONTHLY (condscore_kernel, +3)",w_x_condscore_kernel,0.377554,0.506563,0.75,,72398,"175,",0.0008,0.0008
"first_mover (n=179, announcements=179)",VWRETD,"KERNEL CONDSCORE (sigma=0.431) (alpha_only, vwretd)","MONTHLY (condscore_kernel, +3)",same_sector,0.021412,0.004939,4.34,***,72398,"175,",0.0008,0.0008
"first_mover (n=179, announcements=179)",VWRETD,"CONTINUOUS CONDSCORE (alpha+financials, z-scored) (alpha_only, vwretd)",DAILY (condscore_fin),intercept,-0.042611,0.017338,-2.46,**,62022,"178,",0.001,0.001
"first_mover (n=179, announcements=179)",VWRETD,"CONTINUOUS CONDSCORE (alpha+financials, z-scored) (alpha_only, vwretd)",DAILY (condscore_fin),w_ij,-2.00451,0.586695,-3.42,***,62022,"178,",0.001,0.001
"first_mover (n=179, announcements=179)",VWRETD,"CONTINUOUS CONDSCORE (alpha+financials, z-scored) (alpha_only, vwretd)",DAILY (condscore_fin),w_x_cond_score_fin_z,-0.824262,0.057934,-14.23,***,62022,"178,",0.001,0.001
"first_mover (n=179, announcements=179)",VWRETD,"CONTINUOUS CONDSCORE (alpha+financials, z-scored) (alpha_only, vwretd)",DAILY (condscore_fin),same_sector,0.099623,0.016473,6.05,***,62022,"178,",0.001,0.001
"first_mover (n=179, announcements=179)",VWRETD,"CONTINUOUS CONDSCORE (alpha+financials, z-scored) (alpha_only, vwretd)","DAILY (condscore_fin, two-way)",intercept,-0.042611,0.065516,-0.65,,62022,,0.001,0.001
"first_mover (n=179, announcements=179)",VWRETD,"CONTINUOUS CONDSCORE (alpha+financials, z-scored) (alpha_only, vwretd)","DAILY (condscore_fin, two-way)",w_ij,-2.00451,1.661965,-1.21,,62022,,0.001,0.001
"first_mover (n=179, announcements=179)",VWRETD,"CONTINUOUS CONDSCORE (alpha+financials, z-scored) (alpha_only, vwretd)","DAILY (condscore_fin, two-way)",w_x_cond_score_fin_z,-0.824262,0.131109,-6.29,***,62022,,0.001,0.001
"first_mover (n=179, announcements=179)",VWRETD,"CONTINUOUS CONDSCORE (alpha+financials, z-scored) (alpha_only, vwretd)","DAILY (condscore_fin, two-way)",same_sector,0.099623,0.067214,1.48,,62022,,0.001,0.001
"first_mover (n=179, announcements=179)",VWRETD,"CONTINUOUS CONDSCORE (alpha+financials, z-scored) (alpha_only, vwretd)","MONTHLY (condscore_fin, +12)",intercept,0.013182,0.010964,1.2,,72398,"175,",0.0003,0.0002
"first_mover (n=179, announcements=179)",VWRETD,"CONTINUOUS CONDSCORE (alpha+financials, z-scored) (alpha_only, vwretd)","MONTHLY (condscore_fin, +12)",w_ij,-0.050098,0.292438,-0.17,,72398,"175,",0.0003,0.0002
"first_mover (n=179, announcements=179)",VWRETD,"CONTINUOUS CONDSCORE (alpha+financials, z-scored) (alpha_only, vwretd)","MONTHLY (condscore_fin, +12)",w_x_cond_score_fin_z,-0.019945,0.014167,-1.41,,72398,"175,",0.0003,0.0002
"first_mover (n=179, announcements=179)",VWRETD,"CONTINUOUS CONDSCORE (alpha+financials, z-scored) (alpha_only, vwretd)","MONTHLY (condscore_fin, +12)",same_sector,0.034026,0.012888,2.64,***,72398,"175,",0.0003,0.0002
"first_mover (n=179, announcements=179)",VWRETD,"CONTINUOUS CONDSCORE (alpha+financials, z-scored) (alpha_only, vwretd)","MONTHLY (condscore_fin, +12, two-way)",intercept,0.013182,0.026479,0.5,,72398,,0.0003,0.0002
"first_mover (n=179, announcements=179)",VWRETD,"CONTINUOUS CONDSCORE (alpha+financials, z-scored) (alpha_only, vwretd)","MONTHLY (condscore_fin, +12, two-way)",w_ij,-0.050098,0.590134,-0.08,,72398,,0.0003,0.0002
"first_mover (n=179, announcements=179)",VWRETD,"CONTINUOUS CONDSCORE (alpha+financials, z-scored) (alpha_only, vwretd)","MONTHLY (condscore_fin, +12, two-way)",w_x_cond_score_fin_z,-0.019945,0.029135,-0.68,,72398,,0.0003,0.0002
"first_mover (n=179, announcements=179)",VWRETD,"CONTINUOUS CONDSCORE (alpha+financials, z-scored) (alpha_only, vwretd)","MONTHLY (condscore_fin, +12, two-way)",same_sector,0.034026,0.02601,1.31,,72398,,0.0003,0.0002
"first_mover (n=179, announcements=179)",VWRETD,"CONTINUOUS CONDSCORE (alpha+financials, z-scored) (alpha_only, vwretd)","MONTHLY (condscore_fin, +6)",intercept,-0.003875,0.007792,-0.5,,72398,"175,",0.0004,0.0004
"first_mover (n=179, announcements=179)",VWRETD,"CONTINUOUS CONDSCORE (alpha+financials, z-scored) (alpha_only, vwretd)","MONTHLY (condscore_fin, +6)",w_ij,0.137562,0.172297,0.8,,72398,"175,",0.0004,0.0004
"first_mover (n=179, announcements=179)",VWRETD,"CONTINUOUS CONDSCORE (alpha+financials, z-scored) (alpha_only, vwretd)","MONTHLY (condscore_fin, +6)",w_x_cond_score_fin_z,0.011573,0.008869,1.3,,72398,"175,",0.0004,0.0004
"first_mover (n=179, announcements=179)",VWRETD,"CONTINUOUS CONDSCORE (alpha+financials, z-scored) (alpha_only, vwretd)","MONTHLY (condscore_fin, +6)",same_sector,0.025301,0.00819,3.09,***,72398,"175,",0.0004,0.0004
"first_mover (n=179, announcements=179)",VWRETD,"CONTINUOUS CONDSCORE (alpha+financials, z-scored) (alpha_only, vwretd)","MONTHLY (condscore_fin, +3)",intercept,0.00418,0.005504,0.76,,72398,"175,",0.0008,0.0008
"first_mover (n=179, announcements=179)",VWRETD,"CONTINUOUS CONDSCORE (alpha+financials, z-scored) (alpha_only, vwretd)","MONTHLY (condscore_fin, +3)",w_ij,0.403714,0.126666,3.19,***,72398,"175,",0.0008,0.0008
"first_mover (n=179, announcements=179)",VWRETD,"CONTINUOUS CONDSCORE (alpha+financials, z-scored) (alpha_only, vwretd)","MONTHLY (condscore_fin, +3)",w_x_cond_score_fin_z,-0.004385,0.006558,-0.67,,72398,"175,",0.0008,0.0008
"first_mover (n=179, announcements=179)",VWRETD,"CONTINUOUS CONDSCORE (alpha+financials, z-scored) (alpha_only, vwretd)","MONTHLY (condscore_fin, +3)",same_sector,0.021448,0.004936,4.34,***,72398,"175,",0.0008,0.0008
"first_mover (n=179, announcements=179)",VWRETD,"CONTINUOUS CONDSCORE (alpha+financials, max-normalized) (alpha_only, vwretd)",DAILY (condscore_fin_max),intercept,-0.042611,0.017338,-2.46,**,62022,"178,",0.001,0.001
"first_mover (n=179, announcements=179)",VWRETD,"CONTINUOUS CONDSCORE (alpha+financials, max-normalized) (alpha_only, vwretd)",DAILY (condscore_fin_max),w_ij,-1.94441,0.589285,-3.3,***,62022,"178,",0.001,0.001
"first_mover (n=179, announcements=179)",VWRETD,"CONTINUOUS CONDSCORE (alpha+financials, max-normalized) (alpha_only, vwretd)",DAILY (condscore_fin_max),w_x_cond_score_fin_max,-18.753743,1.318129,-14.23,***,62022,"178,",0.001,0.001
"first_mover (n=179, announcements=179)",VWRETD,"CONTINUOUS CONDSCORE (alpha+financials, max-normalized) (alpha_only, vwretd)",DAILY (condscore_fin_max),same_sector,0.099623,0.016473,6.05,***,62022,"178,",0.001,0.001
"first_mover (n=179, announcements=179)",VWRETD,"CONTINUOUS CONDSCORE (alpha+financials, max-normalized) (alpha_only, vwretd)","DAILY (condscore_fin_max, two-way)",intercept,-0.042611,0.065516,-0.65,,62022,,0.001,0.001
"first_mover (n=179, announcements=179)",VWRETD,"CONTINUOUS CONDSCORE (alpha+financials, max-normalized) (alpha_only, vwretd)","DAILY (condscore_fin_max, two-way)",w_ij,-1.94441,1.666826,-1.17,,62022,,0.001,0.001
"first_mover (n=179, announcements=179)",VWRETD,"CONTINUOUS CONDSCORE (alpha+financials, max-normalized) (alpha_only, vwretd)","DAILY (condscore_fin_max, two-way)",w_x_cond_score_fin_max,-18.753743,2.983021,-6.29,***,62022,,0.001,0.001
"first_mover (n=179, announcements=179)",VWRETD,"CONTINUOUS CONDSCORE (alpha+financials, max-normalized) (alpha_only, vwretd)","DAILY (condscore_fin_max, two-way)",same_sector,0.099623,0.067214,1.48,,62022,,0.001,0.001
"first_mover (n=179, announcements=179)",VWRETD,"CONTINUOUS CONDSCORE (alpha+financials, max-normalized) (alpha_only, vwretd)","MONTHLY (condscore_fin_max, +12)",intercept,0.013182,0.010964,1.2,,72398,"175,",0.0003,0.0002
"first_mover (n=179, announcements=179)",VWRETD,"CONTINUOUS CONDSCORE (alpha+financials, max-normalized) (alpha_only, vwretd)","MONTHLY (condscore_fin_max, +12)",w_ij,-0.048519,0.293438,-0.17,,72398,"175,",0.0003,0.0002
"first_mover (n=179, announcements=179)",VWRETD,"CONTINUOUS CONDSCORE (alpha+financials, max-normalized) (alpha_only, vwretd)","MONTHLY (condscore_fin_max, +12)",w_x_cond_score_fin_max,-0.497065,0.353079,-1.41,,72398,"175,",0.0003,0.0002
"first_mover (n=179, announcements=179)",VWRETD,"CONTINUOUS CONDSCORE (alpha+financials, max-normalized) (alpha_only, vwretd)","MONTHLY (condscore_fin_max, +12)",same_sector,0.034026,0.012888,2.64,***,72398,"175,",0.0003,0.0002
"first_mover (n=179, announcements=179)",VWRETD,"CONTINUOUS CONDSCORE (alpha+financials, max-normalized) (alpha_only, vwretd)","MONTHLY (condscore_fin_max, +12, two-way)",intercept,0.013182,0.026479,0.5,,72398,,0.0003,0.0002
"first_mover (n=179, announcements=179)",VWRETD,"CONTINUOUS CONDSCORE (alpha+financials, max-normalized) (alpha_only, vwretd)","MONTHLY (condscore_fin_max, +12, two-way)",w_ij,-0.048519,0.591911,-0.08,,72398,,0.0003,0.0002
"first_mover (n=179, announcements=179)",VWRETD,"CONTINUOUS CONDSCORE (alpha+financials, max-normalized) (alpha_only, vwretd)","MONTHLY (condscore_fin_max, +12, two-way)",w_x_cond_score_fin_max,-0.497065,0.726101,-0.68,,72398,,0.0003,0.0002
"first_mover (n=179, announcements=179)",VWRETD,"CONTINUOUS CONDSCORE (alpha+financials, max-normalized) (alpha_only, vwretd)","MONTHLY (condscore_fin_max, +12, two-way)",same_sector,0.034026,0.02601,1.31,,72398,,0.0003,0.0002
"first_mover (n=179, announcements=179)",VWRETD,"CONTINUOUS CONDSCORE (alpha+financials, max-normalized) (alpha_only, vwretd)","MONTHLY (condscore_fin_max, +6)",intercept,-0.003875,0.007792,-0.5,,72398,"175,",0.0004,0.0004
"first_mover (n=179, announcements=179)",VWRETD,"CONTINUOUS CONDSCORE (alpha+financials, max-normalized) (alpha_only, vwretd)","MONTHLY (condscore_fin_max, +6)",w_ij,0.136645,0.172937,0.79,,72398,"175,",0.0004,0.0004
"first_mover (n=179, announcements=179)",VWRETD,"CONTINUOUS CONDSCORE (alpha+financials, max-normalized) (alpha_only, vwretd)","MONTHLY (condscore_fin_max, +6)",w_x_cond_score_fin_max,0.288423,0.221031,1.3,,72398,"175,",0.0004,0.0004
"first_mover (n=179, announcements=179)",VWRETD,"CONTINUOUS CONDSCORE (alpha+financials, max-normalized) (alpha_only, vwretd)","MONTHLY (condscore_fin_max, +6)",same_sector,0.025301,0.00819,3.09,***,72398,"175,",0.0004,0.0004
"first_mover (n=179, announcements=179)",VWRETD,"CONTINUOUS CONDSCORE (alpha+financials, max-normalized) (alpha_only, vwretd)","MONTHLY (condscore_fin_max, +3)",intercept,0.00418,0.005504,0.76,,72398,"175,",0.0008,0.0008
"first_mover (n=179, announcements=179)",VWRETD,"CONTINUOUS CONDSCORE (alpha+financials, max-normalized) (alpha_only, vwretd)","MONTHLY (condscore_fin_max, +3)",w_ij,0.404062,0.127133,3.18,***,72398,"175,",0.0008,0.0008
"first_mover (n=179, announcements=179)",VWRETD,"CONTINUOUS CONDSCORE (alpha+financials, max-normalized) (alpha_only, vwretd)","MONTHLY (condscore_fin_max, +3)",w_x_cond_score_fin_max,-0.10927,0.163432,-0.67,,72398,"175,",0.0008,0.0008
"first_mover (n=179, announcements=179)",VWRETD,"CONTINUOUS CONDSCORE (alpha+financials, max-normalized) (alpha_only, vwretd)","MONTHLY (condscore_fin_max, +3)",same_sector,0.021448,0.004936,4.34,***,72398,"175,",0.0008,0.0008
"first_mover (n=179, announcements=179)",VWRETD,"INTERACTION Z-SCORED: z(w_ij x CondScoreFin) (alpha_only, vwretd)",DAILY (interaction z-scored),intercept,-0.042736,0.017337,-2.47,**,62022,"178,",0.001,0.001
"first_mover (n=179, announcements=179)",VWRETD,"INTERACTION Z-SCORED: z(w_ij x CondScoreFin) (alpha_only, vwretd)",DAILY (interaction z-scored),w_ij,-1.94441,0.589285,-3.3,***,62022,"178,",0.001,0.001
"first_mover (n=179, announcements=179)",VWRETD,"INTERACTION Z-SCORED: z(w_ij x CondScoreFin) (alpha_only, vwretd)",DAILY (interaction z-scored),w_x_condscore_fin_iz,-0.007217,0.000507,-14.23,***,62022,"178,",0.001,0.001
"first_mover (n=179, announcements=179)",VWRETD,"INTERACTION Z-SCORED: z(w_ij x CondScoreFin) (alpha_only, vwretd)",DAILY (interaction z-scored),same_sector,0.099623,0.016473,6.05,***,62022,"178,",0.001,0.001
"first_mover (n=179, announcements=179)",VWRETD,"INTERACTION Z-SCORED: z(w_ij x CondScoreFin) (alpha_only, vwretd)","DAILY (interaction z-scored, two-way)",intercept,-0.042736,0.0655,-0.65,,62022,,0.001,0.001
"first_mover (n=179, announcements=179)",VWRETD,"INTERACTION Z-SCORED: z(w_ij x CondScoreFin) (alpha_only, vwretd)","DAILY (interaction z-scored, two-way)",w_ij,-1.94441,1.666826,-1.17,,62022,,0.001,0.001
"first_mover (n=179, announcements=179)",VWRETD,"INTERACTION Z-SCORED: z(w_ij x CondScoreFin) (alpha_only, vwretd)","DAILY (interaction z-scored, two-way)",w_x_condscore_fin_iz,-0.007217,0.001148,-6.29,***,62022,,0.001,0.001
"first_mover (n=179, announcements=179)",VWRETD,"INTERACTION Z-SCORED: z(w_ij x CondScoreFin) (alpha_only, vwretd)","DAILY (interaction z-scored, two-way)",same_sector,0.099623,0.067214,1.48,,62022,,0.001,0.001
"first_mover (n=179, announcements=179)",VWRETD,"INTERACTION Z-SCORED: z(w_ij x CondScoreFin) (alpha_only, vwretd)","MONTHLY (interaction z-scored, +12)",intercept,0.013171,0.010965,1.2,,72398,"175,",0.0003,0.0002
"first_mover (n=179, announcements=179)",VWRETD,"INTERACTION Z-SCORED: z(w_ij x CondScoreFin) (alpha_only, vwretd)","MONTHLY (interaction z-scored, +12)",w_ij,-0.048519,0.293438,-0.17,,72398,"175,",0.0003,0.0002
"first_mover (n=179, announcements=179)",VWRETD,"INTERACTION Z-SCORED: z(w_ij x CondScoreFin) (alpha_only, vwretd)","MONTHLY (interaction z-scored, +12)",w_x_condscore_fin_iz,-0.000552,0.000392,-1.41,,72398,"175,",0.0003,0.0002
"first_mover (n=179, announcements=179)",VWRETD,"INTERACTION Z-SCORED: z(w_ij x CondScoreFin) (alpha_only, vwretd)","MONTHLY (interaction z-scored, +12)",same_sector,0.034026,0.012888,2.64,***,72398,"175,",0.0003,0.0002
"first_mover (n=179, announcements=179)",VWRETD,"INTERACTION Z-SCORED: z(w_ij x CondScoreFin) (alpha_only, vwretd)","MONTHLY (interaction z-scored, +12, two-way)",intercept,0.013171,0.026476,0.5,,72398,,0.0003,0.0002
"first_mover (n=179, announcements=179)",VWRETD,"INTERACTION Z-SCORED: z(w_ij x CondScoreFin) (alpha_only, vwretd)","MONTHLY (interaction z-scored, +12, two-way)",w_ij,-0.048519,0.591911,-0.08,,72398,,0.0003,0.0002
"first_mover (n=179, announcements=179)",VWRETD,"INTERACTION Z-SCORED: z(w_ij x CondScoreFin) (alpha_only, vwretd)","MONTHLY (interaction z-scored, +12, two-way)",w_x_condscore_fin_iz,-0.000552,0.000807,-0.68,,72398,,0.0003,0.0002
"first_mover (n=179, announcements=179)",VWRETD,"INTERACTION Z-SCORED: z(w_ij x CondScoreFin) (alpha_only, vwretd)","MONTHLY (interaction z-scored, +12, two-way)",same_sector,0.034026,0.02601,1.31,,72398,,0.0003,0.0002
"first_mover (n=179, announcements=179)",VWRETD,"INTERACTION Z-SCORED: z(w_ij x CondScoreFin) (alpha_only, vwretd)","MONTHLY (interaction z-scored, +6)",intercept,-0.003869,0.007792,-0.5,,72398,"175,",0.0004,0.0004
"first_mover (n=179, announcements=179)",VWRETD,"INTERACTION Z-SCORED: z(w_ij x CondScoreFin) (alpha_only, vwretd)","MONTHLY (interaction z-scored, +6)",w_ij,0.136645,0.172937,0.79,,72398,"175,",0.0004,0.0004
"first_mover (n=179, announcements=179)",VWRETD,"INTERACTION Z-SCORED: z(w_ij x CondScoreFin) (alpha_only, vwretd)","MONTHLY (interaction z-scored, +6)",w_x_condscore_fin_iz,0.00032,0.000246,1.3,,72398,"175,",0.0004,0.0004
"first_mover (n=179, announcements=179)",VWRETD,"INTERACTION Z-SCORED: z(w_ij x CondScoreFin) (alpha_only, vwretd)","MONTHLY (interaction z-scored, +6)",same_sector,0.025301,0.00819,3.09,***,72398,"175,",0.0004,0.0004
"first_mover (n=179, announcements=179)",VWRETD,"INTERACTION Z-SCORED: z(w_ij x CondScoreFin) (alpha_only, vwretd)","MONTHLY (interaction z-scored, +3)",intercept,0.004178,0.005503,0.76,,72398,"175,",0.0008,0.0008
"first_mover (n=179, announcements=179)",VWRETD,"INTERACTION Z-SCORED: z(w_ij x CondScoreFin) (alpha_only, vwretd)","MONTHLY (interaction z-scored, +3)",w_ij,0.404062,0.127133,3.18,***,72398,"175,",0.0008,0.0008
"first_mover (n=179, announcements=179)",VWRETD,"INTERACTION Z-SCORED: z(w_ij x CondScoreFin) (alpha_only, vwretd)","MONTHLY (interaction z-scored, +3)",w_x_condscore_fin_iz,-0.000121,0.000182,-0.67,,72398,"175,",0.0008,0.0008
"first_mover (n=179, announcements=179)",VWRETD,"INTERACTION Z-SCORED: z(w_ij x CondScoreFin) (alpha_only, vwretd)","MONTHLY (interaction z-scored, +3)",same_sector,0.021448,0.004936,4.34,***,72398,"175,",0.0008,0.0008
"first_mover (n=179, announcements=179)",VWRETD,"ALPHA TRAJECTORY (pre-event slope) (alpha_only, vwretd)",DAILY (alpha_slope),intercept,-0.087332,0.046691,-1.87,*,19495,"178,",0.0036,0.0034
"first_mover (n=179, announcements=179)",VWRETD,"ALPHA TRAJECTORY (pre-event slope) (alpha_only, vwretd)",DAILY (alpha_slope),w_ij,-5.487008,1.910668,-2.87,***,19495,"178,",0.0036,0.0034
"first_mover (n=179, announcements=179)",VWRETD,"ALPHA TRAJECTORY (pre-event slope) (alpha_only, vwretd)",DAILY (alpha_slope),w_x_alpha_slope_z,9.603306,4.814704,1.99,**,19495,"178,",0.0036,0.0034
"first_mover (n=179, announcements=179)",VWRETD,"ALPHA TRAJECTORY (pre-event slope) (alpha_only, vwretd)",DAILY (alpha_slope),same_sector,0.138738,0.041321,3.36,***,19495,"178,",0.0036,0.0034
"first_mover (n=179, announcements=179)",VWRETD,"ALPHA TRAJECTORY (pre-event slope) (alpha_only, vwretd)","DAILY (alpha_slope, two-way)",intercept,-0.087332,0.180898,-0.48,,19495,,0.0036,0.0034
"first_mover (n=179, announcements=179)",VWRETD,"ALPHA TRAJECTORY (pre-event slope) (alpha_only, vwretd)","DAILY (alpha_slope, two-way)",w_ij,-5.487008,3.857134,-1.42,,19495,,0.0036,0.0034
"first_mover (n=179, announcements=179)",VWRETD,"ALPHA TRAJECTORY (pre-event slope) (alpha_only, vwretd)","DAILY (alpha_slope, two-way)",w_x_alpha_slope_z,9.603306,4.557984,2.11,**,19495,,0.0036,0.0034
"first_mover (n=179, announcements=179)",VWRETD,"ALPHA TRAJECTORY (pre-event slope) (alpha_only, vwretd)","DAILY (alpha_slope, two-way)",same_sector,0.138738,0.174073,0.8,,19495,,0.0036,0.0034
"first_mover (n=179, announcements=179)",VWRETD,"ALPHA TRAJECTORY (pre-event slope) (alpha_only, vwretd)","MONTHLY (alpha_slope, +12)",intercept,0.039108,0.020008,1.95,*,20295,"175,",0.0005,0.0004
"first_mover (n=179, announcements=179)",VWRETD,"ALPHA TRAJECTORY (pre-event slope) (alpha_only, vwretd)","MONTHLY (alpha_slope, +12)",w_ij,0.226096,0.359532,0.63,,20295,"175,",0.0005,0.0004
"first_mover (n=179, announcements=179)",VWRETD,"ALPHA TRAJECTORY (pre-event slope) (alpha_only, vwretd)","MONTHLY (alpha_slope, +12)",w_x_alpha_slope_z,-0.571471,0.312412,-1.83,*,20295,"175,",0.0005,0.0004
"first_mover (n=179, announcements=179)",VWRETD,"ALPHA TRAJECTORY (pre-event slope) (alpha_only, vwretd)","MONTHLY (alpha_slope, +12)",same_sector,0.040937,0.020862,1.96,**,20295,"175,",0.0005,0.0004
"first_mover (n=179, announcements=179)",VWRETD,"ALPHA TRAJECTORY (pre-event slope) (alpha_only, vwretd)","MONTHLY (alpha_slope, +12, two-way)",intercept,0.039108,0.060878,0.64,,20295,,0.0005,0.0004
"first_mover (n=179, announcements=179)",VWRETD,"ALPHA TRAJECTORY (pre-event slope) (alpha_only, vwretd)","MONTHLY (alpha_slope, +12, two-way)",w_ij,0.226096,0.754275,0.3,,20295,,0.0005,0.0004
"first_mover (n=179, announcements=179)",VWRETD,"ALPHA TRAJECTORY (pre-event slope) (alpha_only, vwretd)","MONTHLY (alpha_slope, +12, two-way)",w_x_alpha_slope_z,-0.571471,0.600725,-0.95,,20295,,0.0005,0.0004
"first_mover (n=179, announcements=179)",VWRETD,"ALPHA TRAJECTORY (pre-event slope) (alpha_only, vwretd)","MONTHLY (alpha_slope, +12, two-way)",same_sector,0.040937,0.056482,0.72,,20295,,0.0005,0.0004
"first_mover (n=179, announcements=179)",VWRETD,"ALPHA TRAJECTORY (pre-event slope) (alpha_only, vwretd)","MONTHLY (alpha_slope, +6)",intercept,0.009223,0.011576,0.8,,20295,"175,",0.0008,0.0007
"first_mover (n=179, announcements=179)",VWRETD,"ALPHA TRAJECTORY (pre-event slope) (alpha_only, vwretd)","MONTHLY (alpha_slope, +6)",w_ij,0.129814,0.198986,0.65,,20295,"175,",0.0008,0.0007
"first_mover (n=179, announcements=179)",VWRETD,"ALPHA TRAJECTORY (pre-event slope) (alpha_only, vwretd)","MONTHLY (alpha_slope, +6)",w_x_alpha_slope_z,-0.040966,0.189677,-0.22,,20295,"175,",0.0008,0.0007
"first_mover (n=179, announcements=179)",VWRETD,"ALPHA TRAJECTORY (pre-event slope) (alpha_only, vwretd)","MONTHLY (alpha_slope, +6)",same_sector,0.029053,0.011812,2.46,**,20295,"175,",0.0008,0.0007
"first_mover (n=179, announcements=179)",VWRETD,"ALPHA TRAJECTORY (pre-event slope) (alpha_only, vwretd)","MONTHLY (alpha_slope, +3)",intercept,0.015099,0.007428,2.03,**,20295,"175,",0.0008,0.0007
"first_mover (n=179, announcements=179)",VWRETD,"ALPHA TRAJECTORY (pre-event slope) (alpha_only, vwretd)","MONTHLY (alpha_slope, +3)",w_ij,0.337375,0.142713,2.36,**,20295,"175,",0.0008,0.0007
"first_mover (n=179, announcements=179)",VWRETD,"ALPHA TRAJECTORY (pre-event slope) (alpha_only, vwretd)","MONTHLY (alpha_slope, +3)",w_x_alpha_slope_z,-0.253946,0.161504,-1.57,,20295,"175,",0.0008,0.0007
"first_mover (n=179, announcements=179)",VWRETD,"ALPHA TRAJECTORY (pre-event slope) (alpha_only, vwretd)","MONTHLY (alpha_slope, +3)",same_sector,0.017284,0.007054,2.45,**,20295,"175,",0.0008,0.0007
"first_mover (n=179, announcements=179)",VWRETD,EXTENDED SPEC: + Conditional main effect (vwretd),DAILY (extended),intercept,-0.036489,0.017737,-2.06,**,62022,"178,",0.0013,0.0013
"first_mover (n=179, announcements=179)",VWRETD,EXTENDED SPEC: + Conditional main effect (vwretd),DAILY (extended),w_ij,-2.187176,0.655052,-3.34,***,62022,"178,",0.0013,0.0013
"first_mover (n=179, announcements=179)",VWRETD,EXTENDED SPEC: + Conditional main effect (vwretd),DAILY (extended),conditional,-0.103738,0.015091,-6.87,***,62022,"178,",0.0013,0.0013
"first_mover (n=179, announcements=179)",VWRETD,EXTENDED SPEC: + Conditional main effect (vwretd),DAILY (extended),w_x_cond,2.507454,0.881092,2.85,***,62022,"178,",0.0013,0.0013
"first_mover (n=179, announcements=179)",VWRETD,EXTENDED SPEC: + Conditional main effect (vwretd),DAILY (extended),same_sector,0.101923,0.016464,6.19,***,62022,"178,",0.0013,0.0013
"first_mover (n=179, announcements=179)",VWRETD,EXTENDED SPEC: + Conditional main effect (vwretd),"DAILY (extended, two-way)",intercept,-0.036489,0.067829,-0.54,,62022,,0.0013,0.0013
"first_mover (n=179, announcements=179)",VWRETD,EXTENDED SPEC: + Conditional main effect (vwretd),"DAILY (extended, two-way)",w_ij,-2.187176,1.847998,-1.18,,62022,,0.0013,0.0013
"first_mover (n=179, announcements=179)",VWRETD,EXTENDED SPEC: + Conditional main effect (vwretd),"DAILY (extended, two-way)",conditional,-0.103738,0.071574,-1.45,,62022,,0.0013,0.0013
"first_mover (n=179, announcements=179)",VWRETD,EXTENDED SPEC: + Conditional main effect (vwretd),"DAILY (extended, two-way)",w_x_cond,2.507454,2.084857,1.2,,62022,,0.0013,0.0013
"first_mover (n=179, announcements=179)",VWRETD,EXTENDED SPEC: + Conditional main effect (vwretd),"DAILY (extended, two-way)",same_sector,0.101923,0.067556,1.51,,62022,,0.0013,0.0013
"first_mover (n=179, announcements=179)",VWRETD,EXTENDED SPEC: + Conditional main effect (vwretd),"MONTHLY (extended, +12)",intercept,0.012393,0.011002,1.13,,72398,"175,",0.0003,0.0002
"first_mover (n=179, announcements=179)",VWRETD,EXTENDED SPEC: + Conditional main effect (vwretd),"MONTHLY (extended, +12)",w_ij,-0.130003,0.283832,-0.46,,72398,"175,",0.0003,0.0002
"first_mover (n=179, announcements=179)",VWRETD,EXTENDED SPEC: + Conditional main effect (vwretd),"MONTHLY (extended, +12)",conditional,0.014323,0.008783,1.63,,72398,"175,",0.0003,0.0002
"first_mover (n=179, announcements=179)",VWRETD,EXTENDED SPEC: + Conditional main effect (vwretd),"MONTHLY (extended, +12)",w_x_cond,0.629159,0.907092,0.69,,72398,"175,",0.0003,0.0002
"first_mover (n=179, announcements=179)",VWRETD,EXTENDED SPEC: + Conditional main effect (vwretd),"MONTHLY (extended, +12)",same_sector,0.033749,0.01289,2.62,***,72398,"175,",0.0003,0.0002
"first_mover (n=179, announcements=179)",VWRETD,EXTENDED SPEC: + Conditional main effect (vwretd),"MONTHLY (extended, +12, two-way)",intercept,0.012393,0.027392,0.45,,72398,,0.0003,0.0002
"first_mover (n=179, announcements=179)",VWRETD,EXTENDED SPEC: + Conditional main effect (vwretd),"MONTHLY (extended, +12, two-way)",w_ij,-0.130003,0.604137,-0.22,,72398,,0.0003,0.0002
"first_mover (n=179, announcements=179)",VWRETD,EXTENDED SPEC: + Conditional main effect (vwretd),"MONTHLY (extended, +12, two-way)",conditional,0.014323,0.042521,0.34,,72398,,0.0003,0.0002
"first_mover (n=179, announcements=179)",VWRETD,EXTENDED SPEC: + Conditional main effect (vwretd),"MONTHLY (extended, +12, two-way)",w_x_cond,0.629159,1.509411,0.42,,72398,,0.0003,0.0002
"first_mover (n=179, announcements=179)",VWRETD,EXTENDED SPEC: + Conditional main effect (vwretd),"MONTHLY (extended, +12, two-way)",same_sector,0.033749,0.026093,1.29,,72398,,0.0003,0.0002
"first_mover (n=179, announcements=179)",VWRETD,EXTENDED SPEC: + Conditional main effect (vwretd),"MONTHLY (extended, +6)",intercept,-0.003557,0.007868,-0.45,,72398,"175,",0.0004,0.0004
"first_mover (n=179, announcements=179)",VWRETD,EXTENDED SPEC: + Conditional main effect (vwretd),"MONTHLY (extended, +6)",w_ij,0.213218,0.186355,1.14,,72398,"175,",0.0004,0.0004
"first_mover (n=179, announcements=179)",VWRETD,EXTENDED SPEC: + Conditional main effect (vwretd),"MONTHLY (extended, +6)",conditional,-0.006179,0.005494,-1.12,,72398,"175,",0.0004,0.0004
"first_mover (n=179, announcements=179)",VWRETD,EXTENDED SPEC: + Conditional main effect (vwretd),"MONTHLY (extended, +6)",w_x_cond,-0.66591,0.393032,-1.69,*,72398,"175,",0.0004,0.0004
"first_mover (n=179, announcements=179)",VWRETD,EXTENDED SPEC: + Conditional main effect (vwretd),"MONTHLY (extended, +6)",same_sector,0.02547,0.008166,3.12,***,72398,"175,",0.0004,0.0004
"first_mover (n=179, announcements=179)",VWRETD,EXTENDED SPEC: + Conditional main effect (vwretd),"MONTHLY (extended, +3)",intercept,0.004382,0.005574,0.79,,72398,"175,",0.0009,0.0008
"first_mover (n=179, announcements=179)",VWRETD,EXTENDED SPEC: + Conditional main effect (vwretd),"MONTHLY (extended, +3)",w_ij,0.439483,0.139743,3.14,***,72398,"175,",0.0009,0.0008
"first_mover (n=179, announcements=179)",VWRETD,EXTENDED SPEC: + Conditional main effect (vwretd),"MONTHLY (extended, +3)",conditional,-0.003754,0.003661,-1.03,,72398,"175,",0.0009,0.0008
"first_mover (n=179, announcements=179)",VWRETD,EXTENDED SPEC: + Conditional main effect (vwretd),"MONTHLY (extended, +3)",w_x_cond,-0.332701,0.239951,-1.39,,72398,"175,",0.0009,0.0008
"first_mover (n=179, announcements=179)",VWRETD,EXTENDED SPEC: + Conditional main effect (vwretd),"MONTHLY (extended, +3)",same_sector,0.021534,0.004931,4.37,***,72398,"175,",0.0009,0.0008
